﻿County,Participants,Volunteers
Accomack,553,68
Albemarle,406,143
Alexandria,246,86
Alleghany,63,10
Amelia,1122,4
Amherst,1387,17
Appomattox,2306,6
Arlington,170,236
Augusta,1149,11
Bath,292,6
Bedford,188,112
Bland,392,2
Botetourt,710,16
Bristol,565,2
Brunswick,787,4
Buchanan,427,0
Buckingham,2001,8
Campbell,734,18
Caroline,1234,6
Carroll,897,2
Charlotte,672,9
Charlottesville,1027,78
Chesapeake,2806,100
Chesterfield,666,177
Clarke,144,17
Colonial Heights,180,6
Covington,70,0
Craig,164,4
Culpeper,3793,44
Cumberland,394,5
Danville,220,22
Dickenson,626,0
Dinwiddie,790,1
Emporia,331,0
Essex,61,8
Fairfax,0,578
Fairfax,145,0
Falls Church,232,22
Fauquier,6647,85
Floyd,3769,7
Fluvanna,981,42
Franklin,1169,45
Franklin,796,5
Frederick,321,69
Fredericksburg,1255,16
Galax,467,2
Giles,949,10
Gloucester,1238,76
Goochland,692,33
Grayson,413,3
Greene,2776,16
Halifax,800,35
Hampton,834,72
Hanover,2032,86
Harrisonburg,4436,36
Henrico,15351,167
Henry,940,24
Highland,442,4
Isle of Wight,3271,43
James,47,247
King George,489,25
King William,41,5
King and Queen,46,1
Lancaster,814,49
Lee,729,3
Lexington,828,0
Loudoun,1668,183
Louisa,1104,37
Lunenburg,496,2
Lynchburg,1910,98
Madison,966,11
Manassas,1184,19
Martinsville,2520,0
Mathews,137,14
Mecklenburg,1855,41
Middlesex,165,19
Montgomery,10461,120
Nelson,428,56
New Kent,137,14
Newport News,803,101
Norfolk,588,160
Northampton,551,53
Northumberland,479,25
Norton,89,3
Nottoway,2310,2
Orange,878,15
Page,485,11
Patrick,1096,27
Petersburg,5038,12
Pittsylvania,1243,12
Portsmouth,490,31
Powhatan,60,45
Prince Edward,582,26
Prince George,213,1
Prince William,178,141
Pulaski,526,13
Radford,36,10
Rappahannock,643,13
Richmond,357,3
Richmond,5413,68
Roanoke,314,42
Roanoke,830,43
Rockbridge,26,73
Rockingham,1911,26
Russell,300,14
Salem,261,18
Scott,789,3
Shenandoah,67,32
Smyth,2505,19
Southampton,213,3
Spotsylvania,366,37
Stafford,218,60
Staunton,553,9
Suffolk,489,60
Surry,258,1
Sussex,1088,2
Tazewell,4162,13
Virginia Beach,3661,227
Warren,1277,42
Washington,3657,82
Waynesboro,165,8
Westmoreland,378,24
Williamsburg,365,2
Winchester,5113,12
Wise,1128,6
Wythe,2005,11
York,120,96
